2009-01-03 00:00:00,4.97102696296296E-08
2009-01-05 00:00:00,0
2009-01-07 00:00:00,0
2009-01-09 00:00:00,6.95943774814815E-07
2009-01-11 00:00:00,5.26928858074074E-06
2009-01-13 00:00:00,5.71668100740741E-06
2009-01-15 00:00:00,6.31320424296296E-06
2009-01-17 00:00:00,5.36870912E-06
2009-01-19 00:00:00,5.91552208592593E-06
2009-01-21 00:00:00,5.61726046814815E-06
2009-01-23 00:00:00,3.33058806518518E-06
2009-01-25 00:00:00,9.64379230814815E-06
2009-01-27 00:00:00,5.12015777185185E-06
2009-01-29 00:00:00,6.06465289481481E-06
2009-01-31 00:00:00,6.41262478222222E-06
2009-02-02 00:00:00,6.31320424296296E-06
2009-02-04 00:00:00,6.11436316444444E-06
2009-02-06 00:00:00,6.41262478222222E-06
2009-02-08 00:00:00,6.66117613037037E-06
2009-02-10 00:00:00,6.31320424296296E-06
2009-02-12 00:00:00,5.8658118162963E-06
2009-02-14 00:00:00,7.00914801777778E-06
2009-02-16 00:00:00,6.11436316444444E-06
2009-02-18 00:00:00,6.16407343407407E-06
2009-02-20 00:00:00,6.36291451259259E-06
2009-02-22 00:00:00,6.01494262518519E-06
2009-02-24 00:00:00,5.51783992888889E-06
2009-02-26 00:00:00,4.77218588444444E-06
2009-02-28 00:00:00,5.07044750222222E-06
2009-03-02 00:00:00,5.16986804148148E-06
2009-03-04 00:00:00,5.26928858074074E-06
2009-03-06 00:00:00,5.8658118162963E-06
2009-03-08 00:00:00,5.56755019851852E-06
2009-03-10 00:00:00,5.21957831111111E-06
2009-03-12 00:00:00,5.8658118162963E-06
2009-03-14 00:00:00,5.76639127703704E-06
2009-03-16 00:00:00,6.46233505185185E-06
2009-03-18 00:00:00,5.46812965925926E-06
2009-03-20 00:00:00,5.8658118162963E-06
2009-03-22 00:00:00,4.72247561481482E-06
2009-03-24 00:00:00,5.21957831111111E-06
2009-03-26 00:00:00,5.61726046814815E-06
2009-03-28 00:00:00,5.91552208592593E-06
2009-03-30 00:00:00,6.2137837037037E-06
2009-04-01 00:00:00,5.31899885037037E-06
2009-04-03 00:00:00,5.61726046814815E-06
2009-04-05 00:00:00,6.41262478222222E-06
2009-04-07 00:00:00,4.92131669333333E-06
2009-04-09 00:00:00,4.92131669333333E-06
2009-04-11 00:00:00,6.06465289481481E-06
2009-04-13 00:00:00,5.71668100740741E-06
2009-04-15 00:00:00,5.56755019851852E-06
2009-04-17 00:00:00,5.71668100740741E-06
2009-04-19 00:00:00,5.91552208592593E-06
2009-04-21 00:00:00,6.11436316444444E-06
2009-04-23 00:00:00,3.97682157037037E-06
2009-04-25 00:00:00,6.06465289481481E-06
2009-04-27 00:00:00,5.21957831111111E-06
2009-04-29 00:00:00,6.11436316444444E-06
2009-05-01 00:00:00,6.11436316444444E-06
2009-05-03 00:00:00,5.66697073777778E-06
2009-05-05 00:00:00,6.56175559111111E-06
2009-05-07 00:00:00,6.01494262518519E-06
2009-05-09 00:00:00,4.5236345362963E-06
2009-05-11 00:00:00,5.91552208592593E-06
2009-05-13 00:00:00,5.71668100740741E-06
2009-05-15 00:00:00,7.10856855703704E-06
2009-05-17 00:00:00,6.2137837037037E-06
2009-05-19 00:00:00,4.97102696296296E-06
2009-05-21 00:00:00,4.42421399703704E-06
2009-05-23 00:00:00,3.47971887407407E-07
2009-05-25 00:00:00,5.56755019851852E-06
2009-05-27 00:00:00,6.2137837037037E-06
2009-05-29 00:00:00,5.31899885037037E-06
2009-05-31 00:00:00,5.8658118162963E-06
2009-06-02 00:00:00,4.42421399703704E-06
2009-06-04 00:00:00,1.93870051555556E-06
2009-06-06 00:00:00,1.19304647111111E-06
2009-06-08 00:00:00,3.57913941333333E-06
2009-06-10 00:00:00,4.12595237925926E-06
2009-06-12 00:00:00,4.5236345362963E-06
2009-06-14 00:00:00,3.47971887407407E-06
2009-06-16 00:00:00,3.62884968296296E-06
2009-06-18 00:00:00,4.02653184E-06
2009-06-20 00:00:00,4.17566264888889E-06
2009-06-22 00:00:00,3.97682157037037E-06
2009-06-24 00:00:00,4.22537291851852E-06
2009-06-26 00:00:00,4.42421399703704E-06
2009-06-28 00:00:00,2.53522375111111E-06
2009-06-30 00:00:00,4.32479345777778E-06
2009-07-02 00:00:00,3.57913941333333E-06
2009-07-04 00:00:00,4.42421399703704E-06
2009-07-06 00:00:00,4.5236345362963E-06
2009-07-08 00:00:00,3.92711130074074E-06
2009-07-10 00:00:00,4.07624210962963E-06
2009-07-12 00:00:00,3.77798049185185E-06
2009-07-14 00:00:00,3.57913941333333E-06
2009-07-16 00:00:00,3.43000860444444E-06
2009-07-18 00:00:00,1.49130808888889E-07
2009-07-20 00:00:00,3.72827022222222E-06
2009-07-22 00:00:00,3.43000860444444E-06
2009-07-24 00:00:00,3.72827022222222E-06
2009-07-26 00:00:00,6.46233505185185E-07
2009-07-28 00:00:00,2.1872518637037E-06
2009-07-30 00:00:00,6.95943774814815E-07
2009-08-01 00:00:00,1.14333620148148E-06
2009-08-03 00:00:00,7.45654044444445E-07
2009-08-05 00:00:00,4.5236345362963E-06
2009-08-07 00:00:00,3.67855995259259E-06
2009-08-09 00:00:00,4.8716064237037E-06
2009-08-11 00:00:00,3.33058806518518E-06
2009-08-13 00:00:00,4.02653184E-06
2009-08-15 00:00:00,1.69014916740741E-06
2009-08-17 00:00:00,8.45074583703704E-07
2009-08-19 00:00:00,7.45654044444445E-07
2009-08-21 00:00:00,7.95364314074074E-07
2009-08-23 00:00:00,5.96523235555556E-07
2009-08-25 00:00:00,2.73406482962963E-06
2009-08-27 00:00:00,1.49130808888889E-06
2009-08-29 00:00:00,4.12595237925926E-06
2009-08-31 00:00:00,4.67276534518518E-06
2009-09-02 00:00:00,3.38029833481481E-06
2009-09-04 00:00:00,3.13174698666667E-06
2009-09-06 00:00:00,3.57913941333333E-06
2009-09-08 00:00:00,3.28087779555556E-06
2009-09-10 00:00:00,3.03232644740741E-06
2009-09-12 00:00:00,3.5294291437037E-06
2009-09-14 00:00:00,4.02653184E-06
2009-09-16 00:00:00,2.88319563851852E-06
2009-09-18 00:00:00,4.02653184E-06
2009-09-20 00:00:00,3.92711130074074E-06
2009-09-22 00:00:00,1.69014916740741E-06
2009-09-24 00:00:00,4.07624210962963E-06
2009-09-26 00:00:00,4.67276534518518E-06
2009-09-28 00:00:00,4.37450372740741E-06
2009-09-30 00:00:00,4.32479345777778E-06
2009-10-02 00:00:00,3.72827022222222E-06
2009-10-04 00:00:00,3.03232644740741E-06
2009-10-06 00:00:00,2.03812105481481E-06
2009-10-08 00:00:00,3.47971887407407E-06
2009-10-10 00:00:00,3.82769076148148E-06
2009-10-12 00:00:00,3.08203671703704E-06
2009-10-14 00:00:00,2.78377509925926E-06
2009-10-16 00:00:00,3.23116752592593E-06
2009-10-18 00:00:00,3.1814572562963E-06
2009-10-20 00:00:00,5.51783992888889E-06
2009-10-22 00:00:00,4.27508318814815E-06
2009-10-24 00:00:00,3.72827022222222E-06
2009-10-26 00:00:00,3.23116752592593E-06
2009-10-28 00:00:00,3.1814572562963E-06
2009-10-30 00:00:00,3.03232644740741E-06
2009-11-01 00:00:00,1.49130808888889E-06
2009-11-03 00:00:00,2.83348536888889E-06
2009-11-05 00:00:00,3.1814572562963E-06
2009-11-07 00:00:00,3.77798049185185E-06
2009-11-09 00:00:00,3.23116752592593E-06
2009-11-11 00:00:00,3.43000860444444E-06
2009-11-13 00:00:00,3.47971887407407E-06
2009-11-15 00:00:00,4.77218588444444E-06
2009-11-17 00:00:00,4.5236345362963E-06
2009-11-19 00:00:00,3.62884968296296E-06
2009-11-21 00:00:00,3.82769076148148E-06
2009-11-23 00:00:00,4.77218588444444E-06
2009-11-25 00:00:00,4.22537291851852E-06
2009-11-27 00:00:00,3.72827022222222E-06
2009-11-29 00:00:00,2.88319563851852E-06
2009-12-01 00:00:00,3.28087779555556E-06
2009-12-03 00:00:00,4.22537291851852E-06
2009-12-05 00:00:00,2.58493402074074E-06
2009-12-07 00:00:00,4.67276534518518E-06
2009-12-09 00:00:00,4.67276534518518E-06
2009-12-11 00:00:00,6.2137837037037E-06
2009-12-13 00:00:00,5.16986804148148E-06
2009-12-15 00:00:00,5.76639127703704E-06
2009-12-17 00:00:00,8.00335341037037E-06
2009-12-19 00:00:00,1.1135100397037E-05
2009-12-21 00:00:00,9.29582042074074E-06
2009-12-23 00:00:00,8.40103556740741E-06
2009-12-25 00:00:00,7.80451233185185E-06
2009-12-27 00:00:00,8.40103556740741E-06
2009-12-29 00:00:00,8.15248421925926E-06
2009-12-31 00:00:00,8.8203382193182E-06
2010-01-02 00:00:00,7.6442931234091E-06
2010-01-04 00:00:00,1.11724284111364E-05
2010-01-06 00:00:00,9.29075625768183E-06
2010-01-08 00:00:00,8.8203382193182E-06
2010-01-10 00:00:00,1.12312306659318E-05
2010-01-12 00:00:00,1.07692484138424E-05
2010-01-14 00:00:00,1.02502484902837E-05
2010-01-16 00:00:00,8.69324871960774E-06
2010-01-18 00:00:00,8.4337487578284E-06
2010-01-20 00:00:00,9.08249866227674E-06
2010-01-22 00:00:00,9.73124856672508E-06
2010-01-24 00:00:00,9.40687361450091E-06
2010-01-26 00:00:00,1.34980007194616E-05
2010-01-28 00:00:00,1.15601689330042E-05
2010-01-30 00:00:00,1.20279214331836E-05
2010-02-01 00:00:00,1.19610996474437E-05
2010-02-03 00:00:00,1.62376939347979E-05
2010-02-05 00:00:00,2.21493497278633E-05
2010-02-07 00:00:00,1.87139403823172E-05
2010-02-09 00:00:00,1.88947514005038E-05
2010-02-11 00:00:00,1.60921806186109E-05
2010-02-13 00:00:00,2.02508340369036E-05
2010-02-15 00:00:00,2.32460914215076E-05
2010-02-17 00:00:00,2.91518551880528E-05
2010-02-19 00:00:00,2.24921641321615E-05
2010-02-21 00:00:00,2.68900733200143E-05
2010-02-23 00:00:00,3.15392916043158E-05
2010-02-25 00:00:00,2.78185891402109E-05
2010-02-27 00:00:00,3.25176751436248E-05
2010-03-01 00:00:00,3.49611998654001E-05
2010-03-03 00:00:00,2.78185891402109E-05
2010-03-05 00:00:00,3.2893602023898E-05
2010-03-07 00:00:00,3.25176751436248E-05
2010-03-09 00:00:00,3.33357117354664E-05
2010-03-11 00:00:00,3.28852291444466E-05
2010-03-13 00:00:00,3.55881246905655E-05
2010-03-15 00:00:00,2.79299206432286E-05
2010-03-17 00:00:00,2.77046793477187E-05
2010-03-19 00:00:00,2.99570923028178E-05
2010-03-21 00:00:00,4.07686744872934E-05
2010-03-23 00:00:00,4.65217732310883E-05
2010-03-25 00:00:00,4.22099991267435E-05
2010-03-27 00:00:00,3.9486773376631E-05
2010-03-29 00:00:00,4.35716120017998E-05
2010-03-31 00:00:00,4.69756441894404E-05
2010-04-02 00:00:00,4.47715832776832E-05
2010-04-04 00:00:00,5.02167758384825E-05
2010-04-06 00:00:00,4.38640511842166E-05
2010-04-08 00:00:00,5.89895860753258E-05
2010-04-10 00:00:00,7.26025674773241E-05
2010-04-12 00:00:00,8.43531550865232E-05
2010-04-14 00:00:00,7.77448433977172E-05
2010-04-16 00:00:00,7.85222918316944E-05
2010-04-18 00:00:00,0.000103011917502
2010-04-20 00:00:00,7.96884644826601E-05
2010-04-22 00:00:00,0.000100871278677
2010-04-24 00:00:00,8.37744517822657E-05
2010-04-26 00:00:00,9.68820190679263E-05
2010-04-28 00:00:00,9.9731490216983E-05
2010-04-30 00:00:00,8.71938171611337E-05
2010-05-02 00:00:00,9.68820190679263E-05
2010-05-04 00:00:00,8.30357266438458E-05
2010-05-06 00:00:00,9.64491901786208E-05
2010-05-08 00:00:00,9.45329811022244E-05
2010-05-10 00:00:00,8.75068811554374E-05
2010-05-12 00:00:00,7.72870994146564E-05
2010-05-14 00:00:00,7.66483630558576E-05
2010-05-16 00:00:00,6.13186904446861E-05
2010-05-18 00:00:00,0.000107307708278
2010-05-20 00:00:00,0.000107764892761
2010-05-22 00:00:00,0.00011306480552
2010-05-24 00:00:00,0.000111887047129
2010-05-26 00:00:00,0.000124842389428
2010-05-28 00:00:00,0.000128964543796
2010-05-30 00:00:00,0.000124746971748
2010-06-01 00:00:00,0.000109876471805
2010-06-03 00:00:00,0.000129703805063
2010-06-05 00:00:00,0.000114833305119
2010-06-07 00:00:00,0.000128877666177
2010-06-09 00:00:00,0.000133834499492
2010-06-11 00:00:00,0.000138791332806
2010-06-13 00:00:00,0.000139110192528
2010-06-15 00:00:00,0.000169351538729
2010-06-17 00:00:00,0.000123557500195
2010-06-19 00:00:00,0.000136518077139
2010-06-21 00:00:00,0.000139974230991
2010-06-23 00:00:00,0.000147750577157
2010-06-25 00:00:00,0.000146621883954
2010-06-27 00:00:00,0.000153374207557
2010-06-29 00:00:00,0.000155303442872
2010-07-01 00:00:00,0.000200640472779
2010-07-03 00:00:00,0.000192923531518
2010-07-05 00:00:00,0.000169772707736
2010-07-07 00:00:00,0.000179911090311
2010-07-09 00:00:00,0.000220799974472
2010-07-11 00:00:00,0.000206780928474
2010-07-13 00:00:00,0.001678569250655
2010-07-15 00:00:00,0.001407832274743
2010-07-17 00:00:00,0.001651495553064
2010-07-19 00:00:00,0.001480028801653
2010-07-21 00:00:00,0.001822962304475
2010-07-23 00:00:00,0.001750765777565
2010-07-25 00:00:00,0.00193125709484
2010-07-27 00:00:00,0.002124483404233
2010-07-29 00:00:00,0.002124483404233
2010-07-31 00:00:00,0.002294442076571
2010-08-02 00:00:00,0.003083535912429
2010-08-04 00:00:00,0.002767898378086
2010-08-06 00:00:00,0.002818470613595
2010-08-08 00:00:00,0.003361157501927
2010-08-10 00:00:00,0.003623747931765
2010-08-12 00:00:00,0.003816314246979
2010-08-14 00:00:00,0.004569073479181
2010-08-16 00:00:00,0.002951086443756
2010-08-18 00:00:00,0.003383573250168
2010-08-20 00:00:00,0.004248546862993
2010-08-22 00:00:00,0.005062639675064
2010-08-24 00:00:00,0.005215282077327
2010-08-26 00:00:00,0.005291603278459
2010-08-28 00:00:00,0.005546983360704
2010-08-30 00:00:00,0.004617321344943
2010-09-01 00:00:00,0.005454017159128
2010-09-03 00:00:00,0.004958197417389
2010-09-05 00:00:00,0.005020174885106
2010-09-07 00:00:00,0.004679298812661
2010-09-09 00:00:00,0.005351092523597
2010-09-11 00:00:00,0.005740907210746
2010-09-13 00:00:00,0.00581178260841
2010-09-15 00:00:00,0.006662287380372
2010-09-17 00:00:00,0.007654542947662
2010-09-19 00:00:00,0.009581378861137
2010-09-21 00:00:00,0.00807573361153
2010-09-23 00:00:00,0.009672630088386
2010-09-25 00:00:00,0.009216373952141
2010-09-27 00:00:00,0.010858896042622
2010-09-29 00:00:00,0.011602605542981
2010-10-01 00:00:00,0.010226025224322
2010-10-03 00:00:00,0.007931724693224
2010-10-05 00:00:00,0.008062827580715
2010-10-07 00:00:00,0.011340399767998
2010-10-09 00:00:00,0.010029370893085
2010-10-11 00:00:00,0.010815988218033
2010-10-13 00:00:00,0.011576863627368
2010-10-15 00:00:00,0.012672898053628
2010-10-17 00:00:00,0.019317606762827
2010-10-19 00:00:00,0.016646022848819
2010-10-21 00:00:00,0.024891029749603
2010-10-23 00:00:00,0.018588150971807
2010-10-25 00:00:00,0.022433975310801
2010-10-27 00:00:00,0.022647632218523
2010-10-29 00:00:00,0.025104686657325
2010-10-31 00:00:00,0.027971775549216
2010-11-02 00:00:00,0.025820100506969
2010-11-04 00:00:00,0.029354995219233
2010-11-06 00:00:00,0.031045597038141
2010-11-08 00:00:00,0.04011337043047
2010-11-10 00:00:00,0.04352214977684
2010-11-12 00:00:00,0.038561075709013
2010-11-14 00:00:00,0.053669801279212
2010-11-16 00:00:00,0.040816109376207
2010-11-18 00:00:00,0.059307385447196
2010-11-20 00:00:00,0.039255869086374
2010-11-22 00:00:00,0.054616861337564
2010-11-24 00:00:00,0.063150745921558
2010-11-26 00:00:00,0.069295142822034
2010-11-28 00:00:00,0.056664993637723
2010-11-30 00:00:00,0.084329545522373
2010-12-02 00:00:00,0.077502868027705
2010-12-04 00:00:00,0.087943668901903
2010-12-06 00:00:00,0.09637662345414
2010-12-08 00:00:00,0.09276250007461
2010-12-10 00:00:00,0.091357531738556
2010-12-12 00:00:00,0.105974736816725
2010-12-14 00:00:00,0.099275184489231
2010-12-16 00:00:00,0.11328333935581
2010-12-18 00:00:00,0.096229933431279
2010-12-20 00:00:00,0.09683898364287
2010-12-22 00:00:00,0.113761835381064
2010-12-24 00:00:00,0.108001742450377
2010-12-26 00:00:00,0.10584170760137
2010-12-28 00:00:00,0.121681963160758
2010-12-30 00:00:00,0.115201858613736
2011-01-01 00:00:00,0.128162067707781
2011-01-03 00:00:00,0.132945991858135
2011-01-05 00:00:00,0.121596943772684
2011-01-07 00:00:00,0.116733066021777
2011-01-09 00:00:00,0.12321823635632
2011-01-11 00:00:00,0.131324699274499
2011-01-13 00:00:00,0.149969563986311
2011-01-15 00:00:00,0.157644927140008
2011-01-17 00:00:00,0.158561467414078
2011-01-19 00:00:00,0.162227628510357
2011-01-21 00:00:00,0.163144168784427
2011-01-23 00:00:00,0.155811846591868
2011-01-25 00:00:00,0.142980282754891
2011-01-27 00:00:00,0.175078625840305
2011-01-29 00:00:00,0.164136211725286
2011-01-31 00:00:00,0.164136211725286
2011-02-02 00:00:00,0.177267108663308
2011-02-04 00:00:00,0.207905868185362
2011-02-06 00:00:00,0.191492247012833
2011-02-08 00:00:00,0.222286198822337
2011-02-10 00:00:00,0.244256346380359
2011-02-12 00:00:00,0.245548708001419
2011-02-14 00:00:00,0.240379261517179
2011-02-16 00:00:00,0.298535534464883
2011-02-18 00:00:00,0.391485054897639
2011-02-20 00:00:00,0.340736992225723
2011-02-22 00:00:00,0.384235331658794
2011-02-24 00:00:00,0.387860193278217
2011-02-26 00:00:00,0.454920133237534
2011-02-28 00:00:00,0.461482779089527
2011-03-02 00:00:00,0.467009518958863
2011-03-04 00:00:00,0.549910616998897
2011-03-06 00:00:00,0.746109882360313
2011-03-08 00:00:00,0.53333039739089
2011-03-10 00:00:00,0.450719122534764
2011-03-12 00:00:00,0.518895124262712
2011-03-14 00:00:00,0.443144011231659
2011-03-16 00:00:00,0.552983125126686
2011-03-18 00:00:00,0.522682679914265
2011-03-20 00:00:00,0.47344445644408
2011-03-22 00:00:00,0.477232012095633
2011-03-24 00:00:00,0.575708459036002
2011-03-26 00:00:00,0.483475502411536
2011-03-28 00:00:00,0.558911396404825
2011-03-30 00:00:00,0.53490906649787
2011-04-01 00:00:00,0.600058247673892
2011-04-03 00:00:00,0.572627013494514
2011-04-05 00:00:00,0.692638663029293
2011-04-07 00:00:00,0.663134715812337
2011-04-09 00:00:00,0.650854443297294
2011-04-11 00:00:00,0.630387322438889
2011-04-13 00:00:00,0.8227782585079
2011-04-15 00:00:00,0.552612263176948
2011-04-17 00:00:00,0.728629502559235
2011-04-19 00:00:00,0.647277934068425
2011-04-21 00:00:00,0.757452901569433
2011-04-23 00:00:00,0.78040601979881
2011-04-25 00:00:00,0.863037245424566
2011-04-27 00:00:00,0.872218492716317
2011-04-29 00:00:00,0.927305976466821
2011-05-01 00:00:00,1.06853945167215
2011-05-03 00:00:00,1.1285085025313
2011-05-05 00:00:00,1.24299487235332
2011-05-07 00:00:00,1.19392928528674
2011-05-09 00:00:00,1.35748124217533
2011-05-11 00:00:00,1.46331460281772
2011-05-13 00:00:00,1.57286756773456
2011-05-15 00:00:00,1.78414828578845
2011-05-17 00:00:00,2.03455506274122
2011-05-19 00:00:00,2.19641646328717
2011-05-21 00:00:00,2.58473318607827
2011-05-23 00:00:00,3.36136663166047
2011-05-25 00:00:00,3.5433900954688
2011-05-27 00:00:00,4.28033532740519
2011-05-29 00:00:00,3.73988894768231
2011-05-31 00:00:00,3.24267827833726
2011-06-02 00:00:00,4.10739248589387
2011-06-04 00:00:00,4.66945672080566
2011-06-06 00:00:00,7.04978032426183
2011-06-08 00:00:00,5.16043919735966
2011-06-10 00:00:00,6.37300141313269
2011-06-12 00:00:00,6.71139086869726
2011-06-14 00:00:00,6.34480229183565
2011-06-16 00:00:00,8.76232250942012
2011-06-18 00:00:00,8.80591615374559
2011-06-20 00:00:00,10.1137254835098
2011-06-22 00:00:00,11.7702839678778
2011-06-24 00:00:00,16.4544049245417
2011-06-26 00:00:00,10.6268031804332
2011-06-28 00:00:00,10.4896831393953
2011-06-30 00:00:00,12.4093637139252
2011-07-02 00:00:00,11.9980035908116
2011-07-04 00:00:00,11.2438433651035
2011-07-06 00:00:00,10.6953632009521
2011-07-08 00:00:00,11.4216858394628
2011-07-10 00:00:00,11.188590210086
2011-07-12 00:00:00,11.188590210086
2011-07-14 00:00:00,11.965575641342
2011-07-16 00:00:00,12.3540683569699
2011-07-18 00:00:00,11.8878770982164
2011-07-20 00:00:00,12.0198487388041
2011-07-22 00:00:00,12.0198487388041
2011-07-24 00:00:00,14.7936599862205
2011-07-26 00:00:00,14.2052757822231
2011-07-28 00:00:00,14.0371660096524
2011-07-30 00:00:00,12.7763427153722
2011-08-01 00:00:00,16.431116869293
2011-08-03 00:00:00,14.9288433269576
2011-08-05 00:00:00,12.9571093026425
2011-08-07 00:00:00,12.1120804350788
2011-08-09 00:00:00,12.4876488206627
2011-08-11 00:00:00,12.6754330134546
2011-08-13 00:00:00,12.0181883386829
2011-08-15 00:00:00,13.4265697846223
2011-08-17 00:00:00,11.5792819314549
2011-08-19 00:00:00,12.1178531840808
2011-08-21 00:00:00,13.0154719384571
2011-08-23 00:00:00,15.259518824398
2011-08-25 00:00:00,11.4895200560173
2011-08-27 00:00:00,11.7588056823302
2011-08-29 00:00:00,11.2202344297044
2011-08-31 00:00:00,13.3444209749862
2011-09-02 00:00:00,14.3165311122368
2011-09-04 00:00:00,11.135079753962
2011-09-06 00:00:00,13.2560473261452
2011-09-08 00:00:00,11.046706105121
2011-09-10 00:00:00,12.6374317842584
2011-09-12 00:00:00,11.4885743493258
2011-09-14 00:00:00,13.2639252302093
2011-09-16 00:00:00,10.9950959145156
2011-09-18 00:00:00,14.5728652200325
2011-09-20 00:00:00,12.1295105723624
2011-09-22 00:00:00,13.0893998982328
2011-09-24 00:00:00,10.8205705825391
2011-09-26 00:00:00,11.954985240386
2011-09-28 00:00:00,11.6059345764331
2011-09-30 00:00:00,10.3292040558972
2011-10-02 00:00:00,11.0010222058743
2011-10-04 00:00:00,10.9170449371271
2011-10-06 00:00:00,11.1689767433685
2011-10-08 00:00:00,10.83306766838
2011-10-10 00:00:00,9.90931771216154
2011-10-12 00:00:00,9.99329498090868
2011-10-14 00:00:00,11.1689767433685
2011-10-16 00:00:00,8.97708003840482
2011-10-18 00:00:00,9.26901760062938
2011-10-20 00:00:00,7.51739222728209
2011-10-22 00:00:00,6.86053271227686
2011-10-24 00:00:00,8.97708003840482
2011-10-26 00:00:00,7.95529857061891
2011-10-28 00:00:00,7.44440783672595
2011-10-30 00:00:00,7.07948588394527
2011-11-01 00:00:00,8.73436486000387
2011-11-03 00:00:00,7.59770093986638
2011-11-05 00:00:00,8.97366252740123
2011-11-07 00:00:00,7.83699860726374
2011-11-09 00:00:00,10.1103264475387
2011-11-11 00:00:00,7.29857885561967
2011-11-13 00:00:00,8.79418927685321
2011-11-15 00:00:00,10.2553335513137
2011-11-17 00:00:00,8.59551078000283
2011-11-19 00:00:00,7.64704062496803
2011-11-21 00:00:00,8.00271693310608
2011-11-23 00:00:00,7.76559939434738
2011-11-25 00:00:00,7.70632000965771
2011-11-27 00:00:00,6.75784985462291
2011-11-29 00:00:00,8.23983447186478
2011-12-01 00:00:00,10.0306575507535
2011-12-03 00:00:00,8.132965581692
2011-12-05 00:00:00,8.67516328713814
2011-12-07 00:00:00,7.97030627005816
2011-12-09 00:00:00,8.18718535223662
2011-12-11 00:00:00,7.86186672896894
2011-12-13 00:00:00,7.40682744479193
2011-12-15 00:00:00,7.06232384270858
2011-12-17 00:00:00,8.38292098402808
2011-12-19 00:00:00,8.67000731909753
2011-12-21 00:00:00,8.89967638715309
2011-12-23 00:00:00,8.72742458611142
2011-12-25 00:00:00,9.99060446041702
2011-12-27 00:00:00,9.1680048812832
2011-12-29 00:00:00,8.07245712817388
2011-12-31 00:00:00,9.28332569739997
2012-01-02 00:00:00,8.76438202487451
2012-01-04 00:00:00,8.87970284099128
2012-01-06 00:00:00,9.80226936992543
2012-01-08 00:00:00,9.28332569739997
2012-01-10 00:00:00,9.07762365126064
2012-01-12 00:00:00,10.3211337404744
2012-01-14 00:00:00,9.94808071371029
2012-01-16 00:00:00,9.82372970478891
2012-01-18 00:00:00,8.82892163341788
2012-01-20 00:00:00,8.58021961557513
2012-01-22 00:00:00,8.45097882303242
2012-01-24 00:00:00,8.77601647007213
2012-01-26 00:00:00,8.45097882303242
2012-01-28 00:00:00,10.076167058231
2012-01-30 00:00:00,10.7912498817183
2012-02-01 00:00:00,8.77601647007213
2012-02-03 00:00:00,10.4012047052707
2012-02-05 00:00:00,9.3272398828152
2012-02-07 00:00:00,9.80731840619539
2012-02-09 00:00:00,9.87590105239257
2012-02-11 00:00:00,9.46440517520954
2012-02-13 00:00:00,10.0816489909841
2012-02-15 00:00:00,9.73873575999822
2012-02-17 00:00:00,9.73873575999822
2012-02-19 00:00:00,10.7413680220749
2012-02-21 00:00:00,8.75729367404835
2012-02-23 00:00:00,11.4939479471885
2012-02-25 00:00:00,11.42553159036
2012-02-27 00:00:00,10.8097843789034
2012-02-29 00:00:00,12.7254423701015
2012-03-02 00:00:00,9.89722287527119
2012-03-04 00:00:00,9.67397724650567
2012-03-06 00:00:00,11.0134510190988
2012-03-08 00:00:00,11.6087726958068
2012-03-10 00:00:00,12.8738312588114
2012-03-12 00:00:00,12.5761704204574
2012-03-14 00:00:00,10.2692989232137
2012-03-16 00:00:00,10.6507281967033
2012-03-18 00:00:00,11.6189762145854
2012-03-20 00:00:00,11.0231312805041
2012-03-22 00:00:00,11.6189762145854
2012-03-24 00:00:00,12.810666082748
2012-03-26 00:00:00,11.3210537475447
2012-03-28 00:00:00,11.8424180648659
2012-03-30 00:00:00,12.1284618185812
2012-04-01 00:00:00,12.1284618185812
2012-04-03 00:00:00,10.3496207518559
2012-04-05 00:00:00,9.62191304274106
2012-04-07 00:00:00,10.6730464003514
2012-04-09 00:00:00,12.209318230705
2012-04-11 00:00:00,11.5624669337141
2012-04-13 00:00:00,9.88325160797757
2012-04-15 00:00:00,9.1773050645506
2012-04-17 00:00:00,11.1382676851811
2012-04-19 00:00:00,12.2364067527341
2012-04-21 00:00:00,11.5304602093072
2012-04-23 00:00:00,11.6088987141324
2012-04-25 00:00:00,10.8245136658802
2012-04-27 00:00:00,9.88325160797757
2012-04-29 00:00:00,12.4487382935262
2012-05-01 00:00:00,13.4236394851879
2012-05-03 00:00:00,12.4487382935262
2012-05-05 00:00:00,11.6988142999403
2012-05-07 00:00:00,12.8237002903192
2012-05-09 00:00:00,14.1299469053505
2012-05-11 00:00:00,10.5974601790129
2012-05-13 00:00:00,11.3728840945504
2012-05-15 00:00:00,11.2867258817129
2012-05-17 00:00:00,10.1666691148254
2012-05-19 00:00:00,12.5790990742755
2012-05-21 00:00:00,11.3728840945504
2012-05-23 00:00:00,10.4251437533379
2012-05-25 00:00:00,9.17476078110834
2012-05-27 00:00:00,12.9712135181187
2012-05-29 00:00:00,10.756616088196
2012-05-31 00:00:00,11.5475437417398
2012-06-02 00:00:00,12.3384713952836
2012-06-04 00:00:00,11.9430075685117
2012-06-06 00:00:00,13.3666773448906
2012-06-08 00:00:00,11.7057292724486
2012-06-10 00:00:00,13.3790336035767
2012-06-12 00:00:00,11.0180276735338
2012-06-14 00:00:00,11.4902288595424
2012-06-16 00:00:00,12.5920316268957
2012-06-18 00:00:00,12.3559310338914
2012-06-20 00:00:00,11.6726201299773
2012-06-22 00:00:00,12.1017605759324
2012-06-24 00:00:00,12.0159324867414
2012-06-26 00:00:00,12.7025572002694
2012-06-28 00:00:00,11.5867920407863
2012-06-30 00:00:00,12.1875886651234
2012-07-02 00:00:00,13.8183223597526
2012-07-04 00:00:00,13.8433790741358
2012-07-06 00:00:00,13.3209874109609
2012-07-08 00:00:00,13.4080526881567
2012-07-10 00:00:00,13.1468568565692
2012-07-12 00:00:00,13.1468568565692
2012-07-14 00:00:00,12.9727263021776
2012-07-16 00:00:00,12.8856610249818
2012-07-18 00:00:00,14.009601065922
2012-07-20 00:00:00,12.8962552858487
2012-07-22 00:00:00,12.8962552858487
2012-07-24 00:00:00,14.937389215983
2012-07-26 00:00:00,16.5146290710868
2012-07-28 00:00:00,15.772398551038
2012-07-30 00:00:00,18.730041758676
2012-08-01 00:00:00,14.2753291241801
2012-08-03 00:00:00,17.5151201310862
2012-08-05 00:00:00,14.6803030000434
2012-08-07 00:00:00,15.0852768759066
2012-08-09 00:00:00,16.0977115655648
2012-08-11 00:00:00,15.996468096599
2012-08-13 00:00:00,16.6630063287176
2012-08-15 00:00:00,18.623360014449
2012-08-17 00:00:00,15.5739209477556
2012-08-19 00:00:00,17.2075490191985
2012-08-21 00:00:00,19.712445395411
2012-08-23 00:00:00,17.9699087858719
2012-08-25 00:00:00,15.8935752697755
2012-08-27 00:00:00,18.0774253068439
2012-08-29 00:00:00,20.1399503418529
2012-08-31 00:00:00,17.3494752944877
2012-09-02 00:00:00,18.5627253150813
2012-09-04 00:00:00,15.5296002635974
2012-09-06 00:00:00,24.9094641253975
2012-09-08 00:00:00,18.7490590191164
2012-09-10 00:00:00,19.2847464196625
2012-09-12 00:00:00,18.8829808692529
2012-09-14 00:00:00,21.6953397221204
2012-09-16 00:00:00,20.0882775204818
2012-09-18 00:00:00,22.3649489728031
2012-09-20 00:00:00,20.9294479443629
2012-09-22 00:00:00,24.4888778668736
2012-09-24 00:00:00,22.2108427164667
2012-09-26 00:00:00,20.3599391567612
2012-09-28 00:00:00,23.3498602916702
2012-09-30 00:00:00,21.641333928865
2012-10-02 00:00:00,19.3632987784582
2012-10-04 00:00:00,20.3474119696825
2012-10-06 00:00:00,21.5621828335442
2012-10-08 00:00:00,25.2064954251291
2012-10-10 00:00:00,22.6251073394231
2012-10-12 00:00:00,22.9288000553885
2012-10-14 00:00:00,20.9547974016134
2012-10-16 00:00:00,23.0806464133712
2012-10-18 00:00:00,23.672520961597
2012-10-20 00:00:00,21.0761799529057
2012-10-22 00:00:00,25.3525063201619
2012-10-24 00:00:00,23.8252469032847
2012-10-26 00:00:00,24.5888766117233
2012-10-28 00:00:00,25.8106841452251
2012-10-30 00:00:00,24.4748066399431
2012-11-01 00:00:00,22.175160378472
2012-11-03 00:00:00,23.4892439564555
2012-11-05 00:00:00,25.1318484289349
2012-11-07 00:00:00,25.7888902179266
2012-11-09 00:00:00,23.8177648509514
2012-11-11 00:00:00,21.6823790367281
2012-11-13 00:00:00,22.7748759110447
2012-11-15 00:00:00,22.7748759110447
2012-11-17 00:00:00,23.6121875254214
2012-11-19 00:00:00,20.5978657136654
2012-11-21 00:00:00,25.7891977228006
2012-11-23 00:00:00,24.2820368169227
2012-11-25 00:00:00,23.6121875254214
2012-11-27 00:00:00,25.9842619294715
2012-11-29 00:00:00,28.2066001208079
2012-12-01 00:00:00,27.3518546626016
2012-12-03 00:00:00,25.642363746189
2012-12-05 00:00:00,20.5138909969512
2012-12-07 00:00:00,21.1976873635162
2012-12-09 00:00:00,22.2233819133638
2012-12-11 00:00:00,24.2922336617309
2012-12-13 00:00:00,22.7844398482441
2012-12-15 00:00:00,19.7688522212707
2012-12-17 00:00:00,21.1091133888144
2012-12-19 00:00:00,23.9571683698449
2012-12-21 00:00:00,20.2714501590996
2012-12-23 00:00:00,23.1195051401301
2012-12-25 00:00:00,20.6065154509855
2012-12-27 00:00:00,23.8470848798358
2012-12-29 00:00:00,19.8478843099254
2012-12-31 00:00:00,24.8839146572199
2013-01-02 00:00:00,23.1064921817042
2013-01-04 00:00:00,20.8847140873096
2013-01-06 00:00:00,21.0328326269359
2013-01-08 00:00:00,23.2611819868382
2013-01-10 00:00:00,23.5842539588777
2013-01-12 00:00:00,19.2227823363455
2013-01-14 00:00:00,24.8765418470353
2013-01-16 00:00:00,19.8689262804243
2013-01-18 00:00:00,20.1919982524637
2013-01-20 00:00:00,21.3227501546017
2013-01-22 00:00:00,20.6766062105229
2013-01-24 00:00:00,23.9073259309171
2013-01-26 00:00:00,22.1367933340868
2013-01-28 00:00:00,21.8416360896323
2013-01-30 00:00:00,21.3989002229505
2013-02-01 00:00:00,22.5795292007685
2013-02-03 00:00:00,24.3504726674954
2013-02-05 00:00:00,28.0057671748026
2013-02-07 00:00:00,24.0979857085511
2013-02-09 00:00:00,22.1440949754253
2013-02-11 00:00:00,25.8890522139163
2013-02-13 00:00:00,25.5634037583954
2013-02-15 00:00:00,28.6570640858445
2013-02-17 00:00:00,30.2853063634493
2013-02-19 00:00:00,30.1278002487238
2013-02-21 00:00:00,35.7540761987867
2013-02-23 00:00:00,29.4018291583931
2013-02-25 00:00:00,35.3910906536213
2013-02-27 00:00:00,36.8430328342827
2013-03-01 00:00:00,34.3062704062833
2013-03-03 00:00:00,33.0035006440194
2013-03-05 00:00:00,32.5692440565981
2013-03-07 00:00:00,33.0035006440194
2013-03-09 00:00:00,36.9118099308112
2013-03-11 00:00:00,40.3858626301816
2013-03-13 00:00:00,33.4377572314407
2013-03-15 00:00:00,40.9662339897429
2013-03-17 00:00:00,48.918502940693
2013-03-19 00:00:00,47.472635858702
2013-03-21 00:00:00,53.7380598806627
2013-03-23 00:00:00,50.6053478696824
2013-03-25 00:00:00,45.2677808665388
2013-03-27 00:00:00,41.9392675675285
2013-03-29 00:00:00,60.5789420419857
2013-03-31 00:00:00,52.2576587944602
2013-04-02 00:00:00,58.2489827326786
2013-04-04 00:00:00,53.2562127841633
2013-04-06 00:00:00,64.0797183431136
2013-04-08 00:00:00,64.4611452380131
2013-04-10 00:00:00,70.1825486615054
2013-04-12 00:00:00,65.9868528176111
2013-04-14 00:00:00,62.1725838686162
2013-04-16 00:00:00,69.8011217666059
2013-04-18 00:00:00,72.7166919656983
2013-04-20 00:00:00,64.686627822247
2013-04-22 00:00:00,72.2705772910621
2013-04-24 00:00:00,78.0700680613325
2013-04-26 00:00:00,76.7317240374239
2013-04-28 00:00:00,74.501150664243
2013-04-30 00:00:00,74.6333901791775
2013-05-02 00:00:00,72.1289139986682
2013-05-04 00:00:00,77.1378663596868
2013-05-06 00:00:00,81.6459234846036
2013-05-08 00:00:00,81.6459234846036
2013-05-10 00:00:00,83.649504429011
2013-05-12 00:00:00,89.1593520261315
2013-05-14 00:00:00,81.7498729685886
2013-05-16 00:00:00,80.637629798948
2013-05-18 00:00:00,81.7498729685886
2013-05-20 00:00:00,76.7447787052057
2013-05-22 00:00:00,92.3161830801749
2013-05-24 00:00:00,90.0916967408936
2013-05-26 00:00:00,97.2680490550696
2013-05-28 00:00:00,97.8721984280825
2013-05-30 00:00:00,102.101244039172
2013-06-01 00:00:00,119.621575856545
2013-06-03 00:00:00,126.267218959687
2013-06-05 00:00:00,156.703562082192
2013-06-07 00:00:00,124.897393540757
2013-06-09 00:00:00,129.551954790723
2013-06-11 00:00:00,136.533796665672
2013-06-13 00:00:00,149.721720207243
2013-06-15 00:00:00,136.533796665672
2013-06-17 00:00:00,148.049400446238
2013-06-19 00:00:00,120.169967894673
2013-06-21 00:00:00,166.315235566228
2013-06-23 00:00:00,169.1993147957
2013-06-25 00:00:00,142.281241987293
2013-06-27 00:00:00,159.585717364126
2013-06-29 00:00:00,170.75417902577
2013-07-01 00:00:00,162.269499322626
2013-07-03 00:00:00,185.602368506272
2013-07-05 00:00:00,187.723538432058
2013-07-07 00:00:00,198.329388060988
2013-07-09 00:00:00,213.177577541489
2013-07-11 00:00:00,249.70821205767
2013-07-13 00:00:00,196.385104274522
2013-07-15 00:00:00,222.396376363862
2013-07-17 00:00:00,219.795249154928
2013-07-19 00:00:00,219.795249154928
2013-07-21 00:00:00,253.609902871071
2013-07-23 00:00:00,225.29983210912
2013-07-25 00:00:00,212.869496544479
2013-07-27 00:00:00,256.375671020723
2013-07-29 00:00:00,257.929462966303
2013-07-31 00:00:00,309.204597170447
2013-08-02 00:00:00,295.220469660226
2013-08-04 00:00:00,317.855567249954
2013-08-06 00:00:00,351.314048013107
2013-08-08 00:00:00,375.478506342051
2013-08-10 00:00:00,369.902092881525
2013-08-12 00:00:00,425.66622748678
2013-08-14 00:00:00,388.972530725659
2013-08-16 00:00:00,434.436852498788
2013-08-18 00:00:00,497.581743850356
2013-08-20 00:00:00,457.169013385353
2013-08-22 00:00:00,525.365496045046
2013-08-24 00:00:00,607.932298580619
2013-08-26 00:00:00,532.757874562586
2013-08-28 00:00:00,545.831687435287
2013-08-30 00:00:00,634.079924326022
2013-09-01 00:00:00,725.596614434932
2013-09-03 00:00:00,604.663845362444
2013-09-05 00:00:00,704.398591759124
2013-09-07 00:00:00,704.398591759124
2013-09-09 00:00:00,834.042504352828
2013-09-11 00:00:00,868.614214377815
2013-09-13 00:00:00,907.507388155926
2013-09-15 00:00:00,1024.57958056223
2013-09-17 00:00:00,990.986807429042
2013-09-19 00:00:00,1091.76512682861
2013-09-21 00:00:00,1046.97476265102
2013-09-23 00:00:00,1237.33381040575
2013-09-25 00:00:00,1583.13830535265
2013-09-27 00:00:00,1302.02028851433
2013-09-29 00:00:00,1242.83754812732
2013-10-01 00:00:00,1449.97713948187
2013-10-03 00:00:00,1538.75125006239
2013-10-05 00:00:00,1560.94477770752
2013-10-07 00:00:00,1439.61095645177
2013-10-09 00:00:00,1721.88761457957
2013-10-11 00:00:00,1665.43228295401
2013-10-13 00:00:00,2154.71182370886
2013-10-15 00:00:00,2333.48704052313
2013-10-17 00:00:00,2382.30967540873
2013-10-19 00:00:00,2914.66937941069
2013-10-21 00:00:00,2675.10751260981
2013-10-23 00:00:00,2808.19743861029
2013-10-25 00:00:00,3194.15822401171
2013-10-27 00:00:00,3439.6720527868
2013-10-29 00:00:00,3051.00854399734
2013-10-31 00:00:00,4061.53366684995
2013-11-02 00:00:00,4216.99907036574
2013-11-04 00:00:00,3886.63508789469
2013-11-06 00:00:00,4114.54971624979
2013-11-08 00:00:00,3377.994520131
2013-11-10 00:00:00,4266.94044648126
2013-11-12 00:00:00,4800.30800229142
2013-11-14 00:00:00,4292.33890151984
2013-11-16 00:00:00,4978.09718756147
2013-11-18 00:00:00,4968.79792970165
2013-11-20 00:00:00,4938.50038134981
2013-11-22 00:00:00,5029.39302640533
2013-11-24 00:00:00,5211.17831651637
2013-11-26 00:00:00,4968.79792970165
2013-11-28 00:00:00,5514.15380003476
2013-11-30 00:00:00,5626.47303819572
2013-12-02 00:00:00,5731.96940766189
2013-12-04 00:00:00,6224.28579850402
2013-12-06 00:00:00,7419.91131912061
2013-12-08 00:00:00,6294.61671148146
2013-12-10 00:00:00,9076.02762430025
2013-12-12 00:00:00,7495.62480414846
2013-12-14 00:00:00,9030.87325801019
2013-12-16 00:00:00,8714.79269397984
2013-12-18 00:00:00,9482.4169209107
2013-12-20 00:00:00,9121.1819905903
2013-12-22 00:00:00,9744.8657343946
2013-12-24 00:00:00,9744.8657343946
2013-12-26 00:00:00,10508.0178702207
2013-12-28 00:00:00,9627.45771349828
2013-12-30 00:00:00,11388.5780269431
2014-01-01 00:00:00,11740.802089632
2014-01-03 00:00:00,11493.6340975684
2014-01-05 00:00:00,12692.3566721614
2014-01-07 00:00:00,13185.9483205232
2014-01-09 00:00:00,12762.8697647845
2014-01-11 00:00:00,14596.2101729856
2014-01-13 00:00:00,18058.6488747029
2014-01-15 00:00:00,15211.9653082472
2014-01-17 00:00:00,13610.7058021159
2014-01-19 00:00:00,16368.4305071198
2014-01-21 00:00:00,15300.924169699
2014-01-23 00:00:00,15834.6773384094
2014-01-25 00:00:00,16903.7992186766
2014-01-27 00:00:00,17558.1398335931
2014-01-29 00:00:00,17230.9695261348
2014-01-31 00:00:00,20066.4455241064
2014-02-02 00:00:00,19412.1049091899
2014-02-04 00:00:00,18430.5939868151
2014-02-06 00:00:00,21761.8906024157
2014-02-08 00:00:00,22804.3763797769
2014-02-10 00:00:00,19937.5404920335
2014-02-12 00:00:00,21761.8906024157
2014-02-14 00:00:00,24889.3479344994
2014-02-16 00:00:00,25149.9693788397
2014-02-18 00:00:00,25980.5116973035
2014-02-20 00:00:00,26602.7994026282
2014-02-22 00:00:00,25513.79591831
2014-02-24 00:00:00,28314.0905922709
2014-02-26 00:00:00,28158.5186659398
2014-02-28 00:00:00,35659.9638677987
2014-03-02 00:00:00,28262.4181718192
2014-03-04 00:00:00,26365.6115831065
2014-03-06 00:00:00,30728.2667371457
2014-03-08 00:00:00,33194.1153024722
2014-03-10 00:00:00,31297.3087137595
2014-03-12 00:00:00,31866.3506903733
2014-03-14 00:00:00,29367.8475506143
2014-03-16 00:00:00,33382.1576474609
2014-03-18 00:00:00,30635.5244233027
2014-03-20 00:00:00,35283.6729564935
2014-03-22 00:00:00,37185.1882655261
2014-03-24 00:00:00,42044.6162774983
2014-03-26 00:00:00,39324.9976022039
2014-03-28 00:00:00,45547.3073493881
2014-03-30 00:00:00,37084.9660932176
2014-04-01 00:00:00,44551.7377898386
2014-04-03 00:00:00,51769.6170965723
2014-04-05 00:00:00,54454.168877057
2014-04-07 00:00:00,44415.1321567057
2014-04-09 00:00:00,44110.9189227557
2014-04-11 00:00:00,45327.7718585558
2014-04-13 00:00:00,60538.4335560578
2014-04-15 00:00:00,59321.5806202576
2014-04-17 00:00:00,60364.1060676353
2014-04-19 00:00:00,56547.9844196814
2014-04-21 00:00:00,61404.8665170773
2014-04-23 00:00:00,60711.0262174494
2014-04-25 00:00:00,56894.9045694954
2014-04-27 00:00:00,57935.6650189374
2014-04-29 00:00:00,54813.3836706114
2014-05-01 00:00:00,66817.8858733963
2014-05-03 00:00:00,57272.4736057682
2014-05-05 00:00:00,49715.688893896
2014-05-07 00:00:00,64829.2583176404
2014-05-09 00:00:00,66022.4348510939
2014-05-11 00:00:00,66022.4348510939
2014-05-13 00:00:00,74817.9710179176
2014-05-15 00:00:00,73057.5481704372
2014-05-17 00:00:00,80539.3452722289
2014-05-19 00:00:00,77898.7110010083
2014-05-21 00:00:00,78338.8167128784
2014-05-23 00:00:00,69536.7024754763
2014-05-25 00:00:00,78483.2567556605
2014-05-27 00:00:00,67048.6100760278
2014-05-29 00:00:00,68088.1234105399
2014-05-31 00:00:00,79003.0134229165
2014-06-02 00:00:00,93036.4434388293
2014-06-04 00:00:00,95115.4701078534
2014-06-06 00:00:00,86494.3621241971
2014-06-08 00:00:00,87663.2048556052
2014-06-10 00:00:00,103442.581729614
2014-06-12 00:00:00,90585.3116841254
2014-06-14 00:00:00,102858.16036391
2014-06-16 00:00:00,118637.537237919
2014-06-18 00:00:00,113768.842858603
2014-06-20 00:00:00,123807.270169656
2014-06-22 00:00:00,129161.098068884
2014-06-24 00:00:00,132507.240505902
2014-06-26 00:00:00,114438.071346006
2014-06-28 00:00:00,125145.727144463
2014-06-30 00:00:00,104506.281189491
2014-07-02 00:00:00,116210.984682714
2014-07-04 00:00:00,133768.039922549
2014-07-06 00:00:00,124571.487177873
2014-07-08 00:00:00,135440.140421581
2014-07-10 00:00:00,128751.738425453
2014-07-12 00:00:00,137948.291170128
2014-07-14 00:00:00,124959.983751021
2014-07-16 00:00:00,142195.843578748
2014-07-18 00:00:00,137025.08563043
2014-07-20 00:00:00,146504.80853568
2014-07-22 00:00:00,123236.397768248
2014-07-24 00:00:00,128407.155716566
2014-07-26 00:00:00,130395.098646876
2014-07-28 00:00:00,126669.524399822
2014-07-30 00:00:00,162993.873308595
2014-08-01 00:00:00,142503.2149498
2014-08-03 00:00:00,141571.821388037
2014-08-05 00:00:00,122943.950152769
2014-08-07 00:00:00,146228.789196854
2014-08-09 00:00:00,169672.521356757
2014-08-11 00:00:00,178499.415531385
2014-08-13 00:00:00,153980.265046305
2014-08-15 00:00:00,159864.861162724
2014-08-17 00:00:00,161826.393201531
2014-08-19 00:00:00,202037.799997063
2014-08-21 00:00:00,199134.596112222
2014-08-23 00:00:00,186096.021366779
2014-08-25 00:00:00,158833.546899034
2014-08-27 00:00:00,190837.321274213
2014-08-29 00:00:00,196763.946158505
2014-08-31 00:00:00,231138.3704874
2014-09-02 00:00:00,194978.303194365
2014-09-04 00:00:00,227701.934499713
2014-09-06 00:00:00,229065.419137436
2014-09-08 00:00:00,208613.149571593
2014-09-10 00:00:00,212703.603484762
2014-09-12 00:00:00,219521.026673376
2014-09-14 00:00:00,252083.49301791
2014-09-16 00:00:00,250600.648941334
2014-09-18 00:00:00,274326.154166549
2014-09-20 00:00:00,256532.025247638
2014-09-22 00:00:00,232806.520022423
2014-09-24 00:00:00,241703.584481879
2014-09-26 00:00:00,260177.353092677
2014-09-28 00:00:00,239501.007151538
2014-09-30 00:00:00,261900.381921106
2014-10-02 00:00:00,255008.266607392
2014-10-04 00:00:00,246393.122465251
2014-10-06 00:00:00,275684.612548532
2014-10-08 00:00:00,225716.776524111
2014-10-10 00:00:00,276657.26825683
2014-10-12 00:00:00,257517.457245351
2014-10-14 00:00:00,243597.594691549
2014-10-16 00:00:00,260997.422883802
2014-10-18 00:00:00,294057.096449084
2014-10-20 00:00:00,240117.629053098
2014-10-22 00:00:00,297537.062087534
2014-10-24 00:00:00,291583.508500603
2014-10-26 00:00:00,232551.264448333
2014-10-28 00:00:00,268328.382055769
2014-10-30 00:00:00,309472.067304321
2014-11-01 00:00:00,286216.940859487
2014-11-03 00:00:00,277272.661457628
2014-11-05 00:00:00,314993.428436733
2014-11-07 00:00:00,283494.08559306
2014-11-09 00:00:00,273650.540954412
2014-11-11 00:00:00,277587.958809871
2014-11-13 00:00:00,287431.503448519
2014-11-15 00:00:00,295306.339159437
2014-11-17 00:00:00,299243.757014897
2014-11-19 00:00:00,274455.576194397
2014-11-21 00:00:00,248412.346336535
2014-11-23 00:00:00,282468.877689124
2014-11-25 00:00:00,256425.647831262
2014-11-27 00:00:00,262435.623952307
2014-11-29 00:00:00,302502.131425942
2014-12-01 00:00:00,286475.528436488
2014-12-03 00:00:00,242402.37021549
2014-12-05 00:00:00,298317.320157643
2014-12-07 00:00:00,242631.420394883
2014-12-09 00:00:00,276440.716679416
2014-12-11 00:00:00,288373.409485721
2014-12-13 00:00:00,284395.845216953
2014-12-15 00:00:00,304283.666560796
2014-12-17 00:00:00,252575.331066804
2014-12-19 00:00:00,243219.983474761
2014-12-21 00:00:00,284410.464547099
2014-12-23 00:00:00,317755.139700897
2014-12-25 00:00:00,331485.300058343
2014-12-27 00:00:00,313832.236741627
2014-12-29 00:00:00,331485.300058343
2014-12-31 00:00:00,313142.288941348
2015-01-02 00:00:00,323243.653100747
2015-01-04 00:00:00,335365.290092025
2015-01-06 00:00:00,317182.834605108
2015-01-08 00:00:00,272736.832303755
2015-01-10 00:00:00,284858.469295033
2015-01-12 00:00:00,358478.281006871
2015-01-14 00:00:00,330062.319707546
2015-01-16 00:00:00,325690.633353804
2015-01-18 00:00:00,325690.633353804
2015-01-20 00:00:00,262301.18122454
2015-01-22 00:00:00,327876.476530675
2015-01-24 00:00:00,264487.024401411
2015-01-26 00:00:00,277602.083462638
2015-01-28 00:00:00,324166.338971824
2015-01-30 00:00:00,285184.310867618
2015-02-01 00:00:00,348786.567248165
2015-02-03 00:00:00,276977.568108837
2015-02-05 00:00:00,301597.796385178
2015-02-07 00:00:00,352889.938627556
2015-02-09 00:00:00,342533.060667745
2015-02-11 00:00:00,331483.607097818
2015-02-13 00:00:00,309384.699957963
2015-02-15 00:00:00,296125.35567405
2015-02-17 00:00:00,342533.060667745
2015-02-19 00:00:00,362422.077093614
2015-02-21 00:00:00,304964.918529992
2015-02-23 00:00:00,317934.931985704
2015-02-25 00:00:00,362028.097735547
2015-02-27 00:00:00,366669.483603951
2015-03-01 00:00:00,348103.940130333
2015-03-03 00:00:00,357386.711867142
2015-03-05 00:00:00,264558.994499053
2015-03-07 00:00:00,327217.703722513
2015-03-09 00:00:00,311208.023870146
2015-03-11 00:00:00,391367.666382153
2015-03-13 00:00:00,327711.479681442
2015-03-15 00:00:00,346572.572037208
2015-03-17 00:00:00,337142.025859325
2015-03-19 00:00:00,337142.025859325
2015-03-21 00:00:00,337142.025859325
2015-03-23 00:00:00,358360.754759562
2015-03-25 00:00:00,385508.770219478
2015-03-27 00:00:00,399442.822155122
2015-03-29 00:00:00,350673.640380369
2015-03-31 00:00:00,346028.956401821
2015-04-02 00:00:00,341384.272423273
2015-04-04 00:00:00,357640.66634819
2015-04-06 00:00:00,317081.150318859
2015-04-08 00:00:00,292501.216185614
2015-04-10 00:00:00,349035.064692077
2015-04-12 00:00:00,334287.104212131
2015-04-14 00:00:00,388362.959305269
2015-04-16 00:00:00,339203.09103878
2015-04-18 00:00:00,326913.123972157
2015-04-20 00:00:00,408026.906611865
2015-04-22 00:00:00,338442.961883245
2015-04-24 00:00:00,284008.079902024
2015-04-26 00:00:00,352643.365878346
2015-04-28 00:00:00,371577.237871815
2015-04-30 00:00:00,314775.62189141
2015-05-02 00:00:00,347909.897879979
2015-05-04 00:00:00,312624.333322854
2015-05-06 00:00:00,338676.361099758
2015-05-08 00:00:00,350518.191907442
2015-05-10 00:00:00,305519.234838243
2015-05-12 00:00:00,374201.85352281
2015-05-14 00:00:00,331571.262615148
2015-05-16 00:00:00,303150.868676707
2015-05-18 00:00:00,332393.969070261
2015-05-20 00:00:00,344525.13582465
2015-05-22 00:00:00,344525.13582465
2015-05-24 00:00:00,342098.902473773
2015-05-26 00:00:00,327541.502368506
2015-05-28 00:00:00,320262.802315872
2015-05-30 00:00:00,300852.93550885
2015-06-01 00:00:00,332393.969070261
2015-06-03 00:00:00,335928.179909096
2015-06-05 00:00:00,335928.179909096
2015-06-07 00:00:00,395070.465104359
2015-06-09 00:00:00,383242.008065307
2015-06-11 00:00:00,366682.168210633
2015-06-13 00:00:00,373779.242434065
2015-06-15 00:00:00,370533.288636225
2015-06-17 00:00:00,350771.513242293
2015-06-19 00:00:00,397705.729802882
2015-06-21 00:00:00,301367.074757463
2015-06-23 00:00:00,353241.735166535
2015-06-25 00:00:00,395235.50787864
2015-06-27 00:00:00,316188.406302912
2015-06-29 00:00:00,336442.885099528
2015-07-01 00:00:00,356089.184959354
2015-07-03 00:00:00,397837.572161486
2015-07-05 00:00:00,356089.184959354
2015-07-07 00:00:00,363456.547406789
2015-07-09 00:00:00,338898.672582006
2015-07-11 00:00:00,356089.184959354
2015-07-13 00:00:00,368157.891393933
2015-07-15 00:00:00,391009.070859764
2015-07-17 00:00:00,365618.871453285
2015-07-19 00:00:00,363079.851512638
2015-07-21 00:00:00,355462.791690694
2015-07-23 00:00:00,378313.971156525
2015-07-25 00:00:00,397611.600337113
2015-07-27 00:00:00,402809.137596422
2015-07-29 00:00:00,387216.525818496
2015-07-31 00:00:00,361228.839521953
2015-08-02 00:00:00,408006.674855731
2015-08-04 00:00:00,374222.682670224
2015-08-06 00:00:00,363827.608151607
2015-08-08 00:00:00,411296.569970398
2015-08-10 00:00:00,458451.590731335
2015-08-12 00:00:00,322225.975199738
2015-08-14 00:00:00,351042.932331422
2015-08-16 00:00:00,385099.336214322
2015-08-18 00:00:00,379859.889463106
2015-08-20 00:00:00,406057.123219183
2015-08-22 00:00:00,412658.093587566
2015-08-24 00:00:00,423446.540478744
2015-08-26 00:00:00,418052.317033155
2015-08-28 00:00:00,401869.646696388
2015-08-30 00:00:00,388384.088082415
2015-09-01 00:00:00,409960.981864772
2015-09-03 00:00:00,407263.870141977
2015-09-05 00:00:00,427538.389387399
2015-09-07 00:00:00,385067.688454876
2015-09-09 00:00:00,399224.588765717
2015-09-11 00:00:00,489828.750755099
2015-09-13 00:00:00,396393.208703549
2015-09-15 00:00:00,461514.950133418
2015-09-17 00:00:00,399224.588765717
2015-09-19 00:00:00,389344.072709366
2015-09-21 00:00:00,389344.072709366
2015-09-23 00:00:00,442436.446260643
2015-09-25 00:00:00,477831.361961494
2015-09-27 00:00:00,424738.988410217
2015-09-29 00:00:00,510276.701353941
2015-10-01 00:00:00,465548.431663339
2015-10-03 00:00:00,459502.348135243
2015-10-05 00:00:00,447410.181079053
2015-10-07 00:00:00,408110.638146433
2015-10-09 00:00:00,402064.554618338
2015-10-11 00:00:00,453456.264607148
2015-10-13 00:00:00,405087.596382386
2015-10-15 00:00:00,493327.875053937
2015-10-17 00:00:00,396478.230871569
2015-10-19 00:00:00,502407.529196034
2015-10-21 00:00:00,438849.950201355
2015-10-23 00:00:00,466088.912627646
2015-10-25 00:00:00,469115.464008345
2015-10-27 00:00:00,478195.118150442
2015-10-29 00:00:00,458010.013458185
2015-10-31 00:00:00,470388.662470568
2015-11-02 00:00:00,448726.026698897
2015-11-04 00:00:00,479672.649229855
2015-11-06 00:00:00,423968.72867413
2015-11-08 00:00:00,433252.715433418
2015-11-10 00:00:00,442536.702192705
2015-11-12 00:00:00,477906.839865056
2015-11-14 00:00:00,497546.846982798
2015-11-16 00:00:00,576106.875453766
2015-11-18 00:00:00,458266.832747314
2015-11-20 00:00:00,520460.188620164
2015-11-22 00:00:00,569560.206414519
2015-11-24 00:00:00,549490.493161529
2015-11-26 00:00:00,585641.183501104
2015-11-28 00:00:00,527800.078957785
2015-11-30 00:00:00,542260.355093615
2015-12-02 00:00:00,531415.147991742
2015-12-04 00:00:00,527800.078957785
2015-12-06 00:00:00,621791.873840678
2015-12-08 00:00:00,625219.908580448
2015-12-10 00:00:00,770711.333847596
2015-12-12 00:00:00,656677.514043615
2015-12-14 00:00:00,692067.320189678
2015-12-16 00:00:00,660609.714726511
2015-12-18 00:00:00,629152.109263344
2015-12-20 00:00:00,785065.607086862
2015-12-22 00:00:00,654995.565676021
2015-12-24 00:00:00,692158.434650547
2015-12-26 00:00:00,864036.70365773
2015-12-28 00:00:00,747902.738112336
2015-12-30 00:00:00,803647.041574125
2016-01-01 00:00:00,697129.166405808
2016-01-03 00:00:00,769424.042921966
2016-01-05 00:00:00,841718.919438124
2016-01-07 00:00:00,743604.444166195
2016-01-09 00:00:00,821063.240433507
2016-01-11 00:00:00,877866.357696202
2016-01-13 00:00:00,862135.539441777
2016-01-15 00:00:00,693089.355237507
2016-01-17 00:00:00,783247.320146451
2016-01-19 00:00:00,839596.048214541
2016-01-21 00:00:00,755072.956112406
2016-01-23 00:00:00,1008642.23241881
2016-01-25 00:00:00,974832.995577957
2016-01-27 00:00:00,918901.018160999
2016-01-29 00:00:00,1014371.25381409
2016-01-31 00:00:00,1068073.26136895
2016-02-02 00:00:00,978569.91544418
2016-02-04 00:00:00,1103874.59973886
2016-02-06 00:00:00,1139675.93810877
2016-02-08 00:00:00,1153414.86436954
2016-02-10 00:00:00,1210727.40421399
2016-02-12 00:00:00,1139086.72940843
2016-02-14 00:00:00,1289532.14650011
2016-02-16 00:00:00,1067446.05460287
2016-02-18 00:00:00,1289532.14650011
2016-02-20 00:00:00,1284099.85113956
2016-02-22 00:00:00,1056537.85220343
2016-02-24 00:00:00,999647.352469403
2016-02-26 00:00:00,1219082.13715781
2016-02-28 00:00:00,1210954.92291009
2016-03-01 00:00:00,1040283.423708
2016-03-03 00:00:00,1080919.49494659
2016-03-05 00:00:00,1292227.06538728
2016-03-07 00:00:00,1220696.14747152
2016-03-09 00:00:00,1299450.73763098
2016-03-11 00:00:00,1283699.81959909
2016-03-13 00:00:00,1031685.13108884
2016-03-15 00:00:00,1197069.77042369
2016-03-17 00:00:00,1063186.96715262
2016-03-19 00:00:00,1110630.46003795
2016-03-21 00:00:00,1036588.42936875
2016-03-23 00:00:00,1242260.73678319
2016-03-25 00:00:00,1192899.38300372
2016-03-27 00:00:00,1258714.52137634
2016-03-29 00:00:00,1398571.69041816
2016-03-31 00:00:00,1028361.53707217
2016-04-02 00:00:00,1244135.05700979
2016-04-04 00:00:00,1360254.32899737
2016-04-06 00:00:00,1285606.22557678
2016-04-08 00:00:00,1169486.9535892
2016-04-10 00:00:00,1443196.66613135
2016-04-12 00:00:00,1260723.52443658
2016-04-14 00:00:00,1465554.23046872
2016-04-16 00:00:00,1270146.99973955
2016-04-18 00:00:00,1199089.82492895
2016-04-20 00:00:00,1465554.23046307
2016-04-22 00:00:00,1270146.99973466
2016-04-24 00:00:00,1172443.38437046
2016-04-26 00:00:00,1341204.17454499
2016-04-28 00:00:00,1207843.18309189
2016-04-30 00:00:00,1296655.18184864
2016-05-02 00:00:00,1394348.38048107
2016-05-04 00:00:00,1492041.5791135
2016-05-06 00:00:00,1438754.37985945
2016-05-08 00:00:00,1447635.57973513
2016-05-10 00:00:00,1403229.58035675
2016-05-12 00:00:00,1342247.86954412
2016-05-14 00:00:00,1390530.16700974
2016-05-16 00:00:00,1361560.78853037
2016-05-18 00:00:00,1487094.76194097
2016-05-20 00:00:00,1438812.46447535
2016-05-22 00:00:00,1776788.54673466
2016-05-24 00:00:00,1456454.92275853
2016-05-26 00:00:00,1357376.35658448
2016-05-28 00:00:00,1317744.93011486
2016-05-30 00:00:00,1436639.20952372
2016-06-01 00:00:00,1426731.35290631
2016-06-03 00:00:00,1406915.6396715
2016-06-05 00:00:00,1694243.48157625
2016-06-07 00:00:00,1406915.6396715
2016-06-09 00:00:00,1608133.93091617
2016-06-11 00:00:00,1520417.53468438
2016-06-13 00:00:00,1569148.86592427
2016-06-15 00:00:00,1500925.00218843
2016-06-17 00:00:00,1452193.67094854
2016-06-19 00:00:00,1725089.1258919
2016-06-21 00:00:00,1551383.97529172
2016-06-23 00:00:00,1457676.2183949
2016-06-25 00:00:00,1728387.51609681
2016-06-27 00:00:00,1530560.02931465
2016-06-29 00:00:00,1520148.05632611
2016-07-01 00:00:00,1634679.7592
2016-07-03 00:00:00,1603443.84023439
2016-07-05 00:00:00,1538177.1269472
2016-07-07 00:00:00,1463920.30012906
2016-07-09 00:00:00,1580609.5994147
2016-07-11 00:00:00,1516960.89071344
2016-07-13 00:00:00,1379055.35519404
2016-07-15 00:00:00,1432095.94577842
2016-07-17 00:00:00,1580609.5994147
2016-07-19 00:00:00,1358434.53362342
2016-07-21 00:00:00,1411498.38259309
2016-07-23 00:00:00,1390272.84300522
2016-07-25 00:00:00,1400885.61279915
2016-07-27 00:00:00,1358434.53362342
2016-07-29 00:00:00,1560077.15970815
2016-07-31 00:00:00,1634366.54826568
2016-08-02 00:00:00,1555605.72192362
2016-08-04 00:00:00,1535533.39002783
2016-08-06 00:00:00,1676039.71329835
2016-08-08 00:00:00,1495388.72623625
2016-08-10 00:00:00,1525497.22407993
2016-08-12 00:00:00,1495388.72623625
2016-08-14 00:00:00,1645931.21545466
2016-08-16 00:00:00,1469587.96478611
2016-08-18 00:00:00,1664092.25424309
2016-08-20 00:00:00,1685703.84196053
2016-08-22 00:00:00,1718121.2235367
2016-08-24 00:00:00,1653286.46038437
2016-08-26 00:00:00,1426364.78935122
2016-08-28 00:00:00,1642480.66652565
2016-08-30 00:00:00,1810682.89469399
2016-09-01 00:00:00,1547310.83728395
2016-09-03 00:00:00,1382703.30140268
2016-09-05 00:00:00,1536337.00155853
2016-09-07 00:00:00,1668023.03026355
2016-09-09 00:00:00,1569258.50873479
2016-09-11 00:00:00,1799709.05896857
2016-09-13 00:00:00,1863551.35256379
2016-09-15 00:00:00,1728836.79695677
2016-09-17 00:00:00,1829872.71366204
2016-09-19 00:00:00,1493086.32464449
2016-09-21 00:00:00,1863551.35256379
2016-09-23 00:00:00,1526764.96354624
2016-09-25 00:00:00,2230413.26476147
2016-09-27 00:00:00,2026558.28894994
2016-09-29 00:00:00,1714780.09064995
2016-10-01 00:00:00,1882660.65896533
2016-10-03 00:00:00,1822703.31313841
2016-10-05 00:00:00,2002575.35061917
2016-10-07 00:00:00,1726771.55981533
2016-10-09 00:00:00,2056197.68456892
2016-10-11 00:00:00,1786321.73846925
2016-10-13 00:00:00,1644958.14765514
2016-10-15 00:00:00,1824875.44505492
2016-10-17 00:00:00,1606404.44106947
2016-10-19 00:00:00,1619255.67659802
2016-10-21 00:00:00,2107602.62668314
2016-10-23 00:00:00,1815470.12498659
2016-10-25 00:00:00,1752432.967869
2016-10-27 00:00:00,2042403.89060992
2016-10-29 00:00:00,1878507.28210418
2016-10-31 00:00:00,1853292.41925715
2016-11-02 00:00:00,1676788.3793279
2016-11-04 00:00:00,1462462.04512809
2016-11-06 00:00:00,1949214.67726041
2016-11-08 00:00:00,2139073.24972084
2016-11-10 00:00:00,2126416.01155681
2016-11-12 00:00:00,2126416.01155681
2016-11-14 00:00:00,2177044.96421293
2016-11-16 00:00:00,2177044.96421293
2016-11-18 00:00:00,2073243.13718006
2016-11-20 00:00:00,1807083.54524478
2016-11-22 00:00:00,1877125.54312249
2016-11-24 00:00:00,2297377.53038872
2016-11-26 00:00:00,2157293.53463331
2016-11-28 00:00:00,2297377.53038872
2016-11-30 00:00:00,1989192.73972682
2016-12-02 00:00:00,2052749.31684044
2016-12-04 00:00:00,2109770.13119712
2016-12-06 00:00:00,2138280.53837545
2016-12-08 00:00:00,2238066.96349964
2016-12-10 00:00:00,1881686.8737704
2016-12-12 00:00:00,2223811.75991047
2016-12-14 00:00:00,1981473.29889459
2016-12-16 00:00:00,2050571.62855749
2016-12-18 00:00:00,2173914.28290682
2016-12-20 00:00:00,2127660.78752582
2016-12-22 00:00:00,2451435.25519279
2016-12-24 00:00:00,2112242.95573216
2016-12-26 00:00:00,2189332.11470048
2016-12-28 00:00:00,2589949.6705277
2016-12-30 00:00:00,2479403.03824908
2017-01-01 00:00:00,2463610.66220928
2017-01-03 00:00:00,2589949.6705277
2017-01-05 00:00:00,2210932.64557243
2017-01-07 00:00:00,2195140.26953263
2017-01-09 00:00:00,2147763.14141322
2017-01-11 00:00:00,2562350.13410886
2017-01-13 00:00:00,2528855.36111398
2017-01-15 00:00:00,2796813.54507307
2017-01-17 00:00:00,2646087.06659608
2017-01-19 00:00:00,2914045.25055518
2017-01-21 00:00:00,3031276.95603728
2017-01-23 00:00:00,2715269.05186662
2017-01-25 00:00:00,2930146.45884887
2017-01-27 00:00:00,3320832.65336205
2017-01-29 00:00:00,3262229.72418507
2017-01-31 00:00:00,2832474.91022057
2017-02-02 00:00:00,3066886.62692848
2017-02-04 00:00:00,3043000.84286989
2017-02-06 00:00:00,2623276.58868094
2017-02-08 00:00:00,3063987.05557934
2017-02-10 00:00:00,3105959.48099823
2017-02-12 00:00:00,2959055.9920321
2017-02-14 00:00:00,3546669.94789663
2017-02-16 00:00:00,3189904.33183602
2017-02-18 00:00:00,3330515.74407375
2017-02-20 00:00:00,3242870.59291391
2017-02-22 00:00:00,3045669.00280428
2017-02-24 00:00:00,3637273.77313317
2017-02-26 00:00:00,3900209.22661268
2017-02-28 00:00:00,3352427.03186371
2017-03-02 00:00:00,3440072.18302354
2017-03-04 00:00:00,3069265.84971519
2017-03-06 00:00:00,3252505.60193699
2017-03-08 00:00:00,3252505.60193699
2017-03-10 00:00:00,3573175.16832514
2017-03-12 00:00:00,3550270.19929742
2017-03-14 00:00:00,3573175.16832514
2017-03-16 00:00:00,3504460.26124197
2017-03-18 00:00:00,3712647.13922469
2017-03-20 00:00:00,3216051.02506088
2017-03-22 00:00:00,3807236.87525589
2017-03-24 00:00:00,4161948.3853729
2017-03-26 00:00:00,3925474.04529489
2017-03-28 00:00:00,3665352.27120909
2017-03-30 00:00:00,4073274.03319987
2017-04-01 00:00:00,3278488.85599014
2017-04-03 00:00:00,4371318.47465352
2017-04-05 00:00:00,4023599.95962426
2017-04-07 00:00:00,4023599.95962426
2017-04-09 00:00:00,3949088.84926085
2017-04-11 00:00:00,4147785.14356328
2017-04-13 00:00:00,3287972.00662321
2017-04-15 00:00:00,3909321.04724491
2017-04-17 00:00:00,3572756.98357482
2017-04-19 00:00:00,3702204.70037101
2017-04-21 00:00:00,4323553.74099272
2017-04-23 00:00:00,3961100.13396339
2017-04-25 00:00:00,3831652.4171672
2017-04-27 00:00:00,3814281.63369607
2017-04-29 00:00:00,4488916.48047225
2017-05-01 00:00:00,3892124.1160164
2017-05-03 00:00:00,3425069.22209443
2017-05-05 00:00:00,3347226.73977411
2017-05-07 00:00:00,4333231.51583159
2017-05-09 00:00:00,4021861.58655028
2017-05-11 00:00:00,3757901.04949136
2017-05-13 00:00:00,4398136.0431084
2017-05-15 00:00:00,4732171.69195208
2017-05-17 00:00:00,4314627.13089748
2017-05-19 00:00:00,4565153.86753024
2017-05-21 00:00:00,4091936.69833504
2017-05-23 00:00:00,4976737.78165219
2017-05-25 00:00:00,4828620.58576969
2017-05-27 00:00:00,4976737.78165219
2017-05-29 00:00:00,4473139.31565167
2017-05-31 00:00:00,4858244.02494619
2017-06-02 00:00:00,4325022.11976917
2017-06-04 00:00:00,5432357.04184814
2017-06-06 00:00:00,5094943.56098801
2017-06-08 00:00:00,5567322.4341922
2017-06-10 00:00:00,4757530.08012788
2017-06-12 00:00:00,4959978.16864396
2017-06-14 00:00:00,4723788.73204186
2017-06-16 00:00:00,4993719.51672997
2017-06-18 00:00:00,5129905.64429561
2017-06-20 00:00:00,4882255.02698479
2017-06-22 00:00:00,4917633.68660062
2017-06-24 00:00:00,5165284.30391144
2017-06-26 00:00:00,5023769.66544811
2017-06-28 00:00:00,5554449.55968559
2017-06-30 00:00:00,5448313.5808381
2017-07-02 00:00:00,6622798.79067395
2017-07-04 00:00:00,5389830.93070805
2017-07-06 00:00:00,5002326.74614734
2017-07-08 00:00:00,5812562.76841065
2017-07-10 00:00:00,6939847.66895089
2017-07-12 00:00:00,6235294.60611324
2017-07-14 00:00:00,5559049.84406697
2017-07-16 00:00:00,6518885.7883663
2017-07-18 00:00:00,6598872.11705791
2017-07-20 00:00:00,6478892.6240205
2017-07-22 00:00:00,6398906.29532888
2017-07-24 00:00:00,7118783.25355338
2017-07-26 00:00:00,5878995.15883341
2017-07-28 00:00:00,6414280.01814729
2017-07-30 00:00:00,6285994.41778435
2017-08-01 00:00:00,6371518.15135965
2017-08-03 00:00:00,5901137.61669551
2017-08-05 00:00:00,7568850.42141381
2017-08-07 00:00:00,6542565.61851024
2017-08-09 00:00:00,6333394.73736857
2017-08-11 00:00:00,6608759.72594982
2017-08-13 00:00:00,6792336.38500398
2017-08-15 00:00:00,6975913.04405814
2017-08-17 00:00:00,8215055.49267373
2017-08-19 00:00:00,6930018.8792946
2017-08-21 00:00:00,5277828.94780714
2017-08-23 00:00:00,7297172.19740292
2017-08-25 00:00:00,4459277.5076504
2017-08-27 00:00:00,6843445.68005754
2017-08-29 00:00:00,6578538.10534563
2017-08-31 00:00:00,7196655.77967341
2017-09-02 00:00:00,7240807.0421254
2017-09-04 00:00:00,7726470.92909722
2017-09-06 00:00:00,7430760.7659943
2017-09-08 00:00:00,8027056.38301854
2017-09-10 00:00:00,6329907.31918033
2017-09-12 00:00:00,8623352.00004277
2017-09-14 00:00:00,7981187.48940129
2017-09-16 00:00:00,7751843.02131505
2017-09-18 00:00:00,6965995.45167762
2017-09-20 00:00:00,6417491.87280536
2017-09-22 00:00:00,7624199.74632432
2017-09-24 00:00:00,7953301.89364767
2017-09-26 00:00:00,7569349.3884371
2017-09-28 00:00:00,9708513.34603888
2017-09-30 00:00:00,7569349.3884371
2017-10-02 00:00:00,8380132.03961296
2017-10-04 00:00:00,7486251.28872091
2017-10-06 00:00:00,8882939.96198973
2017-10-08 00:00:00,10167893.5413971
2017-10-10 00:00:00,8938807.50892049
2017-10-12 00:00:00,8547734.68040522
2017-10-14 00:00:00,7877324.11723618
2017-10-16 00:00:00,10351762.4275025
2017-10-18 00:00:00,8983426.01467175
2017-10-20 00:00:00,10649226.8650745
2017-10-22 00:00:00,10827705.5276176
2017-10-24 00:00:00,9935312.21490186
2017-10-26 00:00:00,12999790.2869909
2017-10-28 00:00:00,6138789.85774571
2017-10-30 00:00:00,10616495.4010426
2017-11-01 00:00:00,7872095.2293445
2017-11-03 00:00:00,8594305.80084399
2017-11-05 00:00:00,10183169.0581429
2017-11-07 00:00:00,11266484.9153921
2017-11-09 00:00:00,11049821.7439423
2017-11-11 00:00:00,5426063.16330753
2017-11-13 00:00:00,9495610.53578818
2017-11-15 00:00:00,10309520.0102843
